observation_date,Value,UNRATE,UNRATE_CHG,UNRATE_Lag,UNRATE_CHG_Lag,FEDFUNDS,FEDFUNDS_CHG,FEDFUNDS,FEDFUNDS_CHG_Lag,Case-Shiller,PPI_Construction,PPI_Construction_Lag
1/1/59,96.2,6,-0.2,6.2,0,2.48,0.06,2.42,0.15,NA,33.1,33
2/1/59,99,5.9,-0.1,6,-0.2,2.43,-0.05,2.48,0.06,NA,33.3,33.1
3/1/59,127.7,5.6,-0.3,5.9,-0.1,2.8,0.37,2.43,-0.05,NA,33.4,33.3
4/1/59,150.8,5.2,-0.4,5.6,-0.3,2.96,0.16,2.8,0.37,NA,33.7,33.4
5/1/59,152.5,5.1,-0.1,5.2,-0.4,2.9,-0.06,2.96,0.16,NA,34,33.7
6/1/59,147.8,5,-0.1,5.1,-0.1,3.39,0.49,2.9,-0.06,NA,34,34
7/1/59,148.1,5.1,0.1,5,-0.1,3.47,0.08,3.39,0.49,NA,33.8,34
8/1/59,138.2,5.2,0.1,5.1,0.1,3.5,0.03,3.47,0.08,NA,33.8,33.8
9/1/59,136.4,5.5,0.3,5.2,0.1,3.76,0.26,3.5,0.03,NA,33.7,33.8
10/1/59,120,5.7,0.2,5.5,0.3,3.98,0.22,3.76,0.26,NA,33.7,33.7
11/1/59,104.7,5.8,0.1,5.7,0.2,4,0.02,3.98,0.22,NA,33.7,33.7
12/1/59,95.6,5.3,-0.5,5.8,0.1,3.99,-0.01,4,0.02,NA,33.7,33.7
1/1/60,86,5.2,-0.1,5.3,-0.5,3.99,0,3.99,-0.01,NA,33.8,33.7
2/1/60,90.7,4.8,-0.4,5.2,-0.1,3.97,-0.02,3.99,0,NA,33.7,33.8
3/1/60,90.5,5.4,0.6,4.8,-0.4,3.84,-0.13,3.97,-0.02,NA,33.7,33.7
4/1/60,123,5.2,-0.2,5.4,0.6,3.92,0.08,3.84,-0.13,NA,33.6,33.7
5/1/60,130.2,5.1,-0.1,5.2,-0.2,3.85,-0.07,3.92,0.08,NA,33.5,33.6
6/1/60,122.8,5.4,0.3,5.1,-0.1,3.32,-0.53,3.85,-0.07,NA,33.2,33.5
7/1/60,114.3,5.5,0.1,5.4,0.3,3.23,-0.09,3.32,-0.53,NA,33,33.2
8/1/60,130.3,5.6,0.1,5.5,0.1,2.98,-0.25,3.23,-0.09,NA,32.9,33
9/1/60,96.9,5.5,-0.1,5.6,0.1,2.6,-0.38,2.98,-0.25,NA,32.8,32.9
10/1/60,110.4,6.1,0.6,5.5,-0.1,2.47,-0.13,2.6,-0.38,NA,32.6,32.8
11/1/60,92.8,6.1,0,6.1,0.6,2.44,-0.03,2.47,-0.13,NA,32.6,32.6
12/1/60,64.2,6.6,0.5,6.1,0,1.98,-0.46,2.44,-0.03,NA,32.5,32.6
1/1/61,70.4,6.6,0,6.6,0.5,1.45,-0.53,1.98,-0.46,NA,32.5,32.5
2/1/61,74.1,6.9,0.3,6.6,0,2.54,1.09,1.45,-0.53,NA,32.5,32.5
3/1/61,104.2,6.9,0,6.9,0.3,2.02,-0.52,2.54,1.09,NA,32.5,32.5
4/1/61,112.8,7,0.1,6.9,0,1.49,-0.53,2.02,-0.52,NA,32.7,32.5
5/1/61,127.6,7.1,0.1,7,0.1,1.98,0.49,1.49,-0.53,NA,32.7,32.7
6/1/61,134.8,6.9,-0.2,7.1,0.1,1.73,-0.25,1.98,0.49,NA,32.6,32.7
7/1/61,126.6,7,0.1,6.9,-0.2,1.17,-0.56,1.73,-0.25,NA,32.6,32.6
8/1/61,127.1,6.6,-0.4,7,0.1,2,0.83,1.17,-0.56,NA,32.5,32.6
9/1/61,125.4,6.7,0.1,6.6,-0.4,1.88,-0.12,2,0.83,NA,32.5,32.5
10/1/61,124.8,6.5,-0.2,6.7,0.1,2.26,0.38,1.88,-0.12,NA,32.4,32.5
11/1/61,103,6.1,-0.4,6.5,-0.2,2.61,0.35,2.26,0.38,NA,32.4,32.4
12/1/61,82.2,6,-0.1,6.1,-0.4,2.33,-0.28,2.61,0.35,NA,32.4,32.4
1/1/62,81.2,5.8,-0.2,6,-0.1,2.15,-0.18,2.33,-0.28,NA,32.4,32.4
2/1/62,77.1,5.5,-0.3,5.8,-0.2,2.37,0.22,2.15,-0.18,NA,32.5,32.4
3/1/62,116.2,5.6,0.1,5.5,-0.3,2.85,0.48,2.37,0.22,NA,32.6,32.5
4/1/62,147.8,5.6,0,5.6,0.1,2.78,-0.07,2.85,0.48,NA,32.6,32.6
5/1/62,155.2,5.5,-0.1,5.6,0,2.36,-0.42,2.78,-0.07,NA,32.6,32.6
6/1/62,136.8,5.5,0,5.5,-0.1,2.68,0.32,2.36,-0.42,NA,32.5,32.6
7/1/62,136.5,5.4,-0.1,5.5,0,2.71,0.03,2.68,0.32,NA,32.5,32.5
8/1/62,147.7,5.7,0.3,5.4,-0.1,2.93,0.22,2.71,0.03,NA,32.4,32.5
9/1/62,114.3,5.6,-0.1,5.7,0.3,2.9,-0.03,2.93,0.22,NA,32.4,32.4
10/1/62,135.2,5.4,-0.2,5.6,-0.1,2.9,0,2.9,-0.03,NA,32.4,32.4
11/1/62,120.9,5.7,0.3,5.4,-0.2,2.94,0.04,2.9,0,NA,32.3,32.4
12/1/62,93.9,5.5,-0.2,5.7,0.3,2.93,-0.01,2.94,0.04,NA,32.3,32.3
1/1/63,79,5.7,0.2,5.5,-0.2,2.92,-0.01,2.93,-0.01,NA,32.3,32.3
2/1/63,89.6,5.9,0.2,5.7,0.2,3,0.08,2.92,-0.01,NA,32.2,32.3
3/1/63,124.8,5.7,-0.2,5.9,0.2,2.98,-0.02,3,0.08,NA,32.3,32.2
4/1/63,164.2,5.7,0,5.7,-0.2,2.9,-0.08,2.98,-0.02,NA,32.3,32.3
5/1/63,172.7,5.9,0.2,5.7,0,3,0.1,2.9,-0.08,NA,32.4,32.3
6/1/63,154.2,5.6,-0.3,5.9,0.2,2.99,-0.01,3,0.1,NA,32.4,32.4
7/1/63,151.3,5.6,0,5.6,-0.3,3.02,0.03,2.99,-0.01,NA,32.8,32.4
8/1/63,144,5.4,-0.2,5.6,0,3.49,0.47,3.02,0.03,NA,32.9,32.8
9/1/63,143.7,5.5,0.1,5.4,-0.2,3.48,-0.01,3.49,0.47,NA,32.7,32.9
10/1/63,165.3,5.5,0,5.5,0.1,3.5,0.02,3.48,-0.01,NA,32.6,32.7
11/1/63,119.3,5.7,0.2,5.5,0,3.48,-0.02,3.5,0.02,NA,32.6,32.6
12/1/63,95,5.5,-0.2,5.7,0.2,3.38,-0.1,3.48,-0.02,NA,32.6,32.6
1/1/64,97.9,5.6,0.1,5.5,-0.2,3.48,0.1,3.38,-0.1,NA,32.6,32.6
2/1/64,101.3,5.4,-0.2,5.6,0.1,3.48,0,3.48,0.1,NA,32.7,32.6
3/1/64,129.1,5.4,0,5.4,-0.2,3.43,-0.05,3.48,0,NA,32.8,32.7
4/1/64,147.1,5.3,-0.1,5.4,0,3.47,0.04,3.43,-0.05,NA,32.9,32.8
5/1/64,152.8,5.1,-0.2,5.3,-0.1,3.5,0.03,3.47,0.04,NA,32.9,32.9
6/1/64,157.2,5.2,0.1,5.1,-0.2,3.5,0,3.5,0.03,NA,32.9,32.9
7/1/64,140.6,4.9,-0.3,5.2,0.1,3.42,-0.08,3.5,0,NA,32.9,32.9
8/1/64,138.3,5,0.1,4.9,-0.3,3.5,0.08,3.42,-0.08,NA,32.9,32.9
9/1/64,119.8,5.1,0.1,5,0.1,3.45,-0.05,3.5,0.08,NA,32.9,32.9
10/1/64,141.2,5.1,0,5.1,0.1,3.36,-0.09,3.45,-0.05,NA,32.9,32.9
11/1/64,110.6,4.8,-0.3,5.1,0,3.52,0.16,3.36,-0.09,NA,32.9,32.9
12/1/64,93,5,0.2,4.8,-0.3,3.85,0.33,3.52,0.16,NA,32.9,32.9
1/1/65,81.7,4.9,-0.1,5,0.2,3.9,0.05,3.85,0.33,NA,33,32.9
2/1/65,80.9,5.1,0.2,4.9,-0.1,3.98,0.08,3.9,0.05,NA,33.1,33
3/1/65,119.9,4.7,-0.4,5.1,0.2,4.05,0.07,3.98,0.08,NA,33,33.1
4/1/65,148.6,4.8,0.1,4.7,-0.4,4.09,0.04,4.05,0.07,NA,33.1,33
5/1/65,153.3,4.6,-0.2,4.8,0.1,4.1,0.01,4.09,0.04,NA,33.2,33.1
6/1/65,151.8,4.6,0,4.6,-0.2,4.05,-0.05,4.1,0.01,NA,33.2,33.2
7/1/65,139.1,4.4,-0.2,4.6,0,4.09,0.04,4.05,-0.05,NA,33.3,33.2
8/1/65,128.3,4.4,0,4.4,-0.2,4.12,0.03,4.09,0.04,NA,33.4,33.3
9/1/65,124.6,4.3,-0.1,4.4,0,4.02,-0.1,4.12,0.03,NA,33.4,33.4
10/1/65,133.1,4.2,-0.1,4.3,-0.1,4.08,0.06,4.02,-0.1,NA,33.4,33.4
11/1/65,110.5,4.1,-0.1,4.2,-0.1,4.1,0.02,4.08,0.06,NA,33.4,33.4
12/1/65,101.1,4,-0.1,4.1,-0.1,4.32,0.22,4.1,0.02,NA,33.5,33.4
1/1/66,79.4,4,0,4,-0.1,4.42,0.1,4.32,0.22,NA,33.6,33.5
2/1/66,76.2,3.8,-0.2,4,0,4.6,0.18,4.42,0.1,NA,33.8,33.6
3/1/66,118.1,3.8,0,3.8,-0.2,4.66,0.06,4.6,0.18,NA,34.1,33.8
4/1/66,140.9,3.8,0,3.8,0,4.67,0.01,4.66,0.06,NA,34.4,34.1
5/1/66,130,3.9,0.1,3.8,0,4.9,0.23,4.67,0.01,NA,34.7,34.4
6/1/66,120.6,3.8,-0.1,3.9,0.1,5.17,0.27,4.9,0.23,NA,34.6,34.7
7/1/66,99.2,3.8,0,3.8,-0.1,5.3,0.13,5.17,0.27,NA,34.5,34.6
8/1/66,101.8,3.8,0,3.8,0,5.53,0.23,5.3,0.13,NA,34.5,34.5
9/1/66,89.1,3.7,-0.1,3.8,0,5.4,-0.13,5.53,0.23,NA,34.4,34.5
10/1/66,76.6,3.7,0,3.7,-0.1,5.53,0.13,5.4,-0.13,NA,34.4,34.4
11/1/66,72.8,3.6,-0.1,3.7,0,5.76,0.23,5.53,0.13,NA,34.3,34.4
12/1/66,60.2,3.8,0.2,3.6,-0.1,5.4,-0.36,5.76,0.23,NA,34.3,34.3
1/1/67,59.1,3.9,0.1,3.8,0.2,4.94,-0.46,5.4,-0.36,NA,34.4,34.3
2/1/67,61.4,3.8,-0.1,3.9,0.1,5,0.06,4.94,-0.46,NA,34.5,34.4
3/1/67,91.5,3.8,0,3.8,-0.1,4.53,-0.47,5,0.06,NA,34.5,34.5
4/1/67,113.7,3.8,0,3.8,0,4.05,-0.48,4.53,-0.47,NA,34.5,34.5
5/1/67,132,3.8,0,3.8,0,3.94,-0.11,4.05,-0.48,NA,34.4,34.5
6/1/67,125.4,3.9,0.1,3.8,0,3.98,0.04,3.94,-0.11,NA,34.5,34.4
7/1/67,125.3,3.8,-0.1,3.9,0.1,3.79,-0.19,3.98,0.04,NA,34.6,34.5
8/1/67,127.4,3.8,0,3.8,-0.1,3.9,0.11,3.79,-0.19,NA,34.8,34.6
9/1/67,121.9,3.8,0,3.8,0,3.99,0.09,3.9,0.11,NA,35.1,34.8
10/1/67,135.4,4,0.2,3.8,0,3.88,-0.11,3.99,0.09,NA,35,35.1
11/1/67,118.4,3.9,-0.1,4,0.2,4.13,0.25,3.88,-0.11,NA,35,35
12/1/67,80.1,3.8,-0.1,3.9,-0.1,4.51,0.38,4.13,0.25,NA,35.2,35
1/1/68,80.5,3.7,-0.1,3.8,-0.1,4.61,0.1,4.51,0.38,NA,35.5,35.2
2/1/68,84.6,3.8,0.1,3.7,-0.1,4.71,0.1,4.61,0.1,NA,35.9,35.5
3/1/68,126.6,3.7,-0.1,3.8,0.1,5.05,0.34,4.71,0.1,NA,36.2,35.9
4/1/68,162,3.5,-0.2,3.7,-0.1,5.76,0.71,5.05,0.34,NA,36.4,36.2
5/1/68,140.9,3.5,0,3.5,-0.2,6.12,0.36,5.76,0.71,NA,36.4,36.4
6/1/68,137.9,3.7,0.2,3.5,0,6.07,-0.05,6.12,0.36,NA,36.5,36.4
7/1/68,139.8,3.7,0,3.7,0.2,6.03,-0.04,6.07,-0.05,NA,36.6,36.5
8/1/68,136.6,3.5,-0.2,3.7,0,6.03,0,6.03,-0.04,NA,36.8,36.6
9/1/68,134.2,3.4,-0.1,3.5,-0.2,5.78,-0.25,6.03,0,NA,37,36.8
10/1/68,140.8,3.4,0,3.4,-0.1,5.91,0.13,5.78,-0.25,NA,37.2,37
11/1/68,127.1,3.4,0,3.4,0,5.82,-0.09,5.91,0.13,NA,37.5,37.2
12/1/68,96.4,3.4,0,3.4,0,6.02,0.2,5.82,-0.09,NA,38.1,37.5
1/1/69,101.5,3.4,0,3.4,0,6.3,0.28,6.02,0.2,NA,38.7,38.1
2/1/69,90.1,3.4,0,3.4,0,6.61,0.31,6.3,0.28,NA,39.5,38.7
3/1/69,131.9,3.4,0,3.4,0,6.79,0.18,6.61,0.31,NA,40.1,39.5
4/1/69,159,3.4,0,3.4,0,7.41,0.62,6.79,0.18,NA,39.6,40.1
5/1/69,155.5,3.4,0,3.4,0,8.67,1.26,7.41,0.62,NA,39.2,39.6
6/1/69,147.3,3.5,0.1,3.4,0,8.9,0.23,8.67,1.26,NA,38.5,39.2
7/1/69,125.2,3.5,0,3.5,0.1,8.61,-0.29,8.9,0.23,NA,37.6,38.5
8/1/69,124.9,3.5,0,3.5,0,9.19,0.58,8.61,-0.29,NA,38.2,37.6
9/1/69,129.3,3.7,0.2,3.5,0,9.15,-0.04,9.19,0.58,NA,38.2,38.2
10/1/69,123.4,3.7,0,3.7,0.2,9,-0.15,9.15,-0.04,NA,38.3,38.2
11/1/69,94.6,3.5,-0.2,3.7,0,8.85,-0.15,9,-0.15,NA,38.5,38.3
12/1/69,84.1,3.5,0,3.5,-0.2,8.97,0.12,8.85,-0.15,NA,38.5,38.5
1/1/70,66.4,3.9,0.4,3.5,0,8.98,0.01,8.97,0.12,NA,38.7,38.5
2/1/70,74.3,4.2,0.3,3.9,0.4,8.98,0,8.98,0.01,NA,38.7,38.7
3/1/70,114.7,4.4,0.2,4.2,0.3,7.76,-1.22,8.98,0,NA,38.8,38.7
4/1/70,128.4,4.6,0.2,4.4,0.2,8.1,0.34,7.76,-1.22,NA,39,38.8
5/1/70,125,4.8,0.2,4.6,0.2,7.95,-0.15,8.1,0.34,NA,39.1,39
6/1/70,135.2,4.9,0.1,4.8,0.2,7.61,-0.34,7.95,-0.15,NA,39.1,39.1
7/1/70,140.8,5,0.1,4.9,0.1,7.21,-0.4,7.61,-0.34,NA,39.2,39.1
8/1/70,128.7,5.1,0.1,5,0.1,6.62,-0.59,7.21,-0.4,NA,39.3,39.2
9/1/70,130.9,5.4,0.3,5.1,0.1,6.29,-0.33,6.62,-0.59,NA,39.2,39.3
10/1/70,140.9,5.5,0.1,5.4,0.3,6.2,-0.09,6.29,-0.33,NA,39.2,39.2
11/1/70,126.9,5.9,0.4,5.5,0.1,5.6,-0.6,6.2,-0.09,NA,39.1,39.2
12/1/70,121.4,6.1,0.2,5.9,0.4,4.9,-0.7,5.6,-0.6,NA,39,39.1
1/1/71,110.6,5.9,-0.2,6.1,0.2,4.14,-0.76,4.9,-0.7,NA,39.4,39
2/1/71,102.2,5.9,0,5.9,-0.2,3.72,-0.42,4.14,-0.76,NA,39.9,39.4
3/1/71,167.9,6,0.1,5.9,0,3.71,-0.01,3.72,-0.42,NA,40.7,39.9
4/1/71,201.1,5.9,-0.1,6,0.1,4.16,0.45,3.71,-0.01,NA,41,40.7
5/1/71,198.5,5.9,0,5.9,-0.1,4.63,0.47,4.16,0.45,NA,41.1,41
6/1/71,193.8,5.9,0,5.9,0,4.91,0.28,4.63,0.47,NA,41.3,41.1
7/1/71,194.3,6,0.1,5.9,0,5.31,0.4,4.91,0.28,NA,42,41.3
8/1/71,204.5,6.1,0.1,6,0.1,5.57,0.26,5.31,0.4,NA,42.7,42
9/1/71,173.8,6,-0.1,6.1,0.1,5.55,-0.02,5.57,0.26,NA,42.7,42.7
10/1/71,179.7,5.8,-0.2,6,-0.1,5.2,-0.35,5.55,-0.02,NA,42.4,42.7
11/1/71,173.7,6,0.2,5.8,-0.2,4.91,-0.29,5.2,-0.35,NA,42.4,42.4
12/1/71,152.1,6,0,6,0.2,4.14,-0.77,4.91,-0.29,NA,42.5,42.4
1/1/72,149.1,5.8,-0.2,6,0,3.51,-0.63,4.14,-0.77,NA,42.8,42.5
2/1/72,152.2,5.7,-0.1,5.8,-0.2,3.3,-0.21,3.51,-0.63,NA,43.1,42.8
3/1/72,203.9,5.8,0.1,5.7,-0.1,3.83,0.53,3.3,-0.21,NA,43.4,43.1
4/1/72,211.6,5.7,-0.1,5.8,0.1,4.17,0.34,3.83,0.53,NA,43.6,43.4
5/1/72,225.8,5.7,0,5.7,-0.1,4.27,0.1,4.17,0.34,NA,43.8,43.6
6/1/72,223.1,5.7,0,5.7,0,4.46,0.19,4.27,0.1,NA,44,43.8
7/1/72,206.5,5.6,-0.1,5.7,0,4.55,0.09,4.46,0.19,NA,44.2,44
8/1/72,228.6,5.6,0,5.6,-0.1,4.81,0.26,4.55,0.09,NA,44.4,44.2
9/1/72,203,5.5,-0.1,5.6,0,4.87,0.06,4.81,0.26,NA,44.4,44.4
10/1/72,216.5,5.6,0.1,5.5,-0.1,5.05,0.18,4.87,0.06,NA,44.5,44.4
11/1/72,185.7,5.3,-0.3,5.6,0.1,5.06,0.01,5.05,0.18,NA,44.6,44.5
12/1/72,150.5,5.2,-0.1,5.3,-0.3,5.33,0.27,5.06,0.01,NA,44.6,44.6
1/1/73,146.6,4.9,-0.3,5.2,-0.1,5.94,0.61,5.33,0.27,NA,44.9,44.6
2/1/73,138,5,0.1,4.9,-0.3,6.58,0.64,5.94,0.61,NA,45.9,44.9
3/1/73,200,4.9,-0.1,5,0.1,7.09,0.51,6.58,0.64,NA,47.3,45.9
4/1/73,205,5,0.1,4.9,-0.1,7.12,0.03,7.09,0.51,NA,48.3,47.3
5/1/73,234,4.9,-0.1,5,0.1,7.84,0.72,7.12,0.03,NA,48.9,48.3
6/1/73,202.6,4.9,0,4.9,-0.1,8.49,0.65,7.84,0.72,NA,48.6,48.9
7/1/73,202.6,4.8,-0.1,4.9,0,10.4,1.91,8.49,0.65,NA,48.1,48.6
8/1/73,197.2,4.8,0,4.8,-0.1,10.5,0.1,10.4,1.91,NA,48.2,48.1
9/1/73,148.4,4.8,0,4.8,0,10.78,0.28,10.5,0.1,NA,48.6,48.2
10/1/73,147.1,4.6,-0.2,4.8,0,10.01,-0.77,10.78,0.28,NA,48.7,48.6
11/1/73,133.3,4.8,0.2,4.6,-0.2,10.03,0.02,10.01,-0.77,NA,49.4,48.7
12/1/73,90.4,4.9,0.1,4.8,0.2,9.95,-0.08,10.03,0.02,NA,49.8,49.4
1/1/74,84.5,5.1,0.2,4.9,0.1,9.65,-0.3,9.95,-0.08,NA,50.6,49.8
2/1/74,109.4,5.2,0.1,5.1,0.2,8.97,-0.68,9.65,-0.3,NA,51,50.6
3/1/74,124.8,5.1,-0.1,5.2,0.1,9.35,0.38,8.97,-0.68,NA,52.7,51
4/1/74,159.5,5.1,0,5.1,-0.1,10.51,1.16,9.35,0.38,NA,54.4,52.7
5/1/74,149,5.1,0,5.1,0,11.31,0.8,10.51,1.16,NA,55.8,54.4
6/1/74,147.6,5.4,0.3,5.1,0,11.93,0.62,11.31,0.8,NA,56.6,55.8
7/1/74,126.6,5.5,0.1,5.4,0.3,12.92,0.99,11.93,0.62,NA,57.7,56.6
8/1/74,111.1,5.5,0,5.5,0.1,12.01,-0.91,12.92,0.99,NA,58.5,57.7
9/1/74,98.3,5.9,0.4,5.5,0,11.34,-0.67,12.01,-0.91,NA,58.8,58.5
10/1/74,96.7,6,0.1,5.9,0.4,10.06,-1.28,11.34,-0.67,NA,58.1,58.8
11/1/74,75.1,6.6,0.6,6,0.1,9.45,-0.61,10.06,-1.28,NA,57.9,58.1
12/1/74,55.1,7.2,0.6,6.6,0.6,8.53,-0.92,9.45,-0.61,NA,58,57.9
1/1/75,56.1,8.1,0.9,7.2,0.6,7.13,-1.4,8.53,-0.92,NA,58.8,58
2/1/75,54.7,8.1,0,8.1,0.9,6.24,-0.89,7.13,-1.4,NA,59.6,58.8
3/1/75,80.2,8.6,0.5,8.1,0,5.54,-0.7,6.24,-0.89,NA,59.6,59.6
4/1/75,97.9,8.8,0.2,8.6,0.5,5.49,-0.05,5.54,-0.7,NA,60.1,59.6
5/1/75,116.1,9,0.2,8.8,0.2,5.22,-0.27,5.49,-0.05,NA,60.8,60.1
6/1/75,110.3,8.8,-0.2,9,0.2,5.55,0.33,5.22,-0.27,NA,60.6,60.8
7/1/75,119.3,8.6,-0.2,8.8,-0.2,6.1,0.55,5.55,0.33,NA,60.5,60.6
8/1/75,117.3,8.4,-0.2,8.6,-0.2,6.14,0.04,6.1,0.55,NA,60.6,60.5
9/1/75,111.9,8.4,0,8.4,-0.2,6.24,0.1,6.14,0.04,NA,60.7,60.6
10/1/75,123.6,8.4,0,8.4,0,5.82,-0.42,6.24,0.1,NA,61.1,60.7
11/1/75,96.9,8.3,-0.1,8.4,0,5.22,-0.6,5.82,-0.42,NA,61,61.1
12/1/75,76.1,8.2,-0.1,8.3,-0.1,5.2,-0.02,5.22,-0.6,NA,61.6,61
1/1/76,72.5,7.9,-0.3,8.2,-0.1,4.87,-0.33,5.2,-0.02,NA,62.5,61.6
2/1/76,89.9,7.7,-0.2,7.9,-0.3,4.77,-0.1,4.87,-0.33,NA,63.1,62.5
3/1/76,118.4,7.6,-0.1,7.7,-0.2,4.84,0.07,4.77,-0.1,NA,64,63.1
4/1/76,137.2,7.7,0.1,7.6,-0.1,4.82,-0.02,4.84,0.07,NA,64.3,64
5/1/76,147.9,7.4,-0.3,7.7,0.1,5.29,0.47,4.82,-0.02,NA,64.5,64.3
6/1/76,154.2,7.6,0.2,7.4,-0.3,5.48,0.19,5.29,0.47,NA,64.5,64.5
7/1/76,136.6,7.8,0.2,7.6,0.2,5.31,-0.17,5.48,0.19,NA,65.2,64.5
8/1/76,145.9,7.8,0,7.8,0.2,5.29,-0.02,5.31,-0.17,NA,65.9,65.2
9/1/76,151.8,7.6,-0.2,7.8,0,5.25,-0.04,5.29,-0.02,NA,66.7,65.9
10/1/76,148.4,7.7,0.1,7.6,-0.2,5.02,-0.23,5.25,-0.04,NA,66.9,66.7
11/1/76,127.1,7.8,0.1,7.7,0.1,4.95,-0.07,5.02,-0.23,NA,66.9,66.9
12/1/76,107.4,7.8,0,7.8,0.1,4.65,-0.3,4.95,-0.07,NA,68,66.9
1/1/77,81.3,7.5,-0.3,7.8,0,4.61,-0.04,4.65,-0.3,NA,68.2,68
2/1/77,112.5,7.6,0.1,7.5,-0.3,4.68,0.07,4.61,-0.04,NA,68.5,68.2
3/1/77,173.6,7.4,-0.2,7.6,0.1,4.69,0.01,4.68,0.07,NA,69.2,68.5
4/1/77,182.2,7.2,-0.2,7.4,-0.2,4.73,0.04,4.69,0.01,NA,69.8,69.2
5/1/77,201.3,7,-0.2,7.2,-0.2,5.35,0.62,4.73,0.04,NA,70,69.8
6/1/77,197.6,7.2,0.2,7,-0.2,5.39,0.04,5.35,0.62,NA,70.2,70
7/1/77,189.8,6.9,-0.3,7.2,0.2,5.42,0.03,5.39,0.04,NA,71.4,70.2
8/1/77,194,7,0.1,6.9,-0.3,5.9,0.48,5.42,0.03,NA,72.3,71.4
9/1/77,177.7,6.8,-0.2,7,0.1,6.14,0.24,5.9,0.48,NA,73.5,72.3
10/1/77,193.1,6.8,0,6.8,-0.2,6.47,0.33,6.14,0.24,NA,73.1,73.5
11/1/77,154.8,6.8,0,6.8,0,6.51,0.04,6.47,0.33,NA,72.9,73.1
12/1/77,129.2,6.4,-0.4,6.8,0,6.56,0.05,6.51,0.04,NA,73.5,72.9
1/1/78,88.6,6.4,0,6.4,-0.4,6.7,0.14,6.56,0.05,NA,74.9,73.5
2/1/78,101.3,6.3,-0.1,6.4,0,6.78,0.08,6.7,0.14,NA,76.3,74.9
3/1/78,172.1,6.3,0,6.3,-0.1,6.79,0.01,6.78,0.08,NA,77.1,76.3
4/1/78,197.5,6.1,-0.2,6.3,0,6.89,0.1,6.79,0.01,NA,78,77.1
5/1/78,211,6,-0.1,6.1,-0.2,7.36,0.47,6.89,0.1,NA,78.5,78
6/1/78,216,5.9,-0.1,6,-0.1,7.6,0.24,7.36,0.47,NA,79.3,78.5
7/1/78,192.2,6.2,0.3,5.9,-0.1,7.81,0.21,7.6,0.24,NA,79.6,79.3
8/1/78,190.9,5.9,-0.3,6.2,0.3,8.04,0.23,7.81,0.21,NA,80.6,79.6
9/1/78,180.5,6,0.1,5.9,-0.3,8.45,0.41,8.04,0.23,NA,80.9,80.6
10/1/78,192.1,5.8,-0.2,6,0.1,8.96,0.51,8.45,0.41,NA,81.3,80.9
11/1/78,158.6,5.9,0.1,5.8,-0.2,9.76,0.8,8.96,0.51,NA,82.2,81.3
12/1/78,119.5,6,0.1,5.9,0.1,10.03,0.27,9.76,0.8,NA,82.3,82.2
1/1/79,88.2,5.9,-0.1,6,0.1,10.07,0.04,10.03,0.27,NA,83.8,82.3
2/1/79,84.5,5.9,0,5.9,-0.1,10.06,-0.01,10.07,0.04,NA,84.8,83.8
3/1/79,152.9,5.8,-0.1,5.9,0,10.09,0.03,10.06,-0.01,NA,85.7,84.8
4/1/79,161,5.8,0,5.8,-0.1,10.01,-0.08,10.09,0.03,NA,86.8,85.7
5/1/79,189.1,5.6,-0.2,5.8,0,10.24,0.23,10.01,-0.08,NA,86.9,86.8
6/1/79,191.8,5.7,0.1,5.6,-0.2,10.29,0.05,10.24,0.23,NA,86.9,86.9
7/1/79,164.2,5.7,0,5.7,0.1,10.47,0.18,10.29,0.05,NA,87.6,86.9
8/1/79,170.3,6,0.3,5.7,0,10.94,0.47,10.47,0.18,NA,88.3,87.6
9/1/79,163.7,5.9,-0.1,6,0.3,11.43,0.49,10.94,0.47,NA,89.1,88.3
10/1/79,169,6,0.1,5.9,-0.1,13.77,2.34,11.43,0.49,NA,89.7,89.1
11/1/79,118.7,5.9,-0.1,6,0.1,13.18,-0.59,13.77,2.34,NA,89.1,89.7
12/1/79,91.6,6,0.1,5.9,-0.1,13.78,0.6,13.18,-0.59,NA,88.7,89.1
1/1/80,73.1,6.3,0.3,6,0.1,13.82,0.04,13.78,0.6,NA,90,88.7
2/1/80,79.9,6.3,0,6.3,0.3,14.13,0.31,13.82,0.04,NA,91.2,90
3/1/80,85.1,6.3,0,6.3,0,17.19,3.06,14.13,0.31,NA,92,91.2
4/1/80,96.2,6.9,0.6,6.3,0,17.61,0.42,17.19,3.06,NA,91.1,92
5/1/80,91.7,7.5,0.6,6.9,0.6,10.98,-6.63,17.61,0.42,NA,90.9,91.1
6/1/80,116.4,7.6,0.1,7.5,0.6,9.47,-1.51,10.98,-6.63,NA,91.7,90.9
7/1/80,120.1,7.8,0.2,7.6,0.1,9.03,-0.44,9.47,-1.51,NA,92.7,91.7
8/1/80,129.9,7.7,-0.1,7.8,0.2,9.61,0.58,9.03,-0.44,NA,93.6,92.7
9/1/80,138.3,7.5,-0.2,7.7,-0.1,10.87,1.26,9.61,0.58,NA,93.5,93.6
10/1/80,152.7,7.5,0,7.5,-0.2,12.81,1.94,10.87,1.26,NA,93.7,93.5
11/1/80,112.9,7.5,0,7.5,0,15.85,3.04,12.81,1.94,NA,94.4,93.7
12/1/80,95.9,7.2,-0.3,7.5,0,18.9,3.05,15.85,3.04,NA,95.2,94.4
1/1/81,84.5,7.5,0.3,7.2,-0.3,19.08,0.18,18.9,3.05,NA,96,95.2
2/1/81,71.9,7.4,-0.1,7.5,0.3,15.93,-3.15,19.08,0.18,NA,96.2,96
3/1/81,107.8,7.4,0,7.4,-0.1,14.7,-1.23,15.93,-3.15,NA,97,96.2
4/1/81,123,7.2,-0.2,7.4,0,15.72,1.02,14.7,-1.23,NA,98.6,97
5/1/81,109.9,7.5,0.3,7.2,-0.2,18.52,2.8,15.72,1.02,NA,98.7,98.6
6/1/81,105.8,7.5,0,7.5,0.3,19.1,0.58,18.52,2.8,NA,99,98.7
7/1/81,99.9,7.2,-0.3,7.5,0,19.04,-0.06,19.1,0.58,NA,99.2,99
8/1/81,86.3,7.4,0.2,7.2,-0.3,17.82,-1.22,19.04,-0.06,NA,99.1,99.2
9/1/81,84.1,7.6,0.2,7.4,0.2,15.87,-1.95,17.82,-1.22,NA,98.7,99.1
10/1/81,87.2,7.9,0.3,7.6,0.2,15.08,-0.79,15.87,-1.95,NA,98.8,98.7
11/1/81,64.6,8.3,0.4,7.9,0.3,13.31,-1.77,15.08,-0.79,NA,98.6,98.8
12/1/81,59.1,8.5,0.2,8.3,0.4,12.37,-0.94,13.31,-1.77,NA,99,98.6
1/1/82,47.2,8.6,0.1,8.5,0.2,13.22,0.85,12.37,-0.94,NA,99.5,99
2/1/82,51.3,8.9,0.3,8.6,0.1,14.78,1.56,13.22,0.85,NA,99.6,99.5
3/1/82,78.2,9,0.1,8.9,0.3,14.68,-0.1,14.78,1.56,NA,99.8,99.6
4/1/82,84.1,9.3,0.3,9,0.1,14.94,0.26,14.68,-0.1,NA,100.1,99.8
5/1/82,98.8,9.4,0.1,9.3,0.3,14.45,-0.49,14.94,0.26,NA,100.1,100.1
6/1/82,91.1,9.6,0.2,9.4,0.1,14.15,-0.3,14.45,-0.49,NA,100.5,100.1
7/1/82,106.8,9.8,0.2,9.6,0.2,12.59,-1.56,14.15,-0.3,NA,100.4,100.5
8/1/82,96,9.8,0,9.8,0.2,10.12,-2.47,12.59,-1.56,NA,100.1,100.4
9/1/82,106.4,10.1,0.3,9.8,0,10.31,0.19,10.12,-2.47,NA,100.1,100.1
10/1/82,110.5,10.4,0.3,10.1,0.3,9.71,-0.6,10.31,0.19,NA,100,100.1
11/1/82,108.9,10.8,0.4,10.4,0.3,9.2,-0.51,9.71,-0.6,NA,99.9,100
12/1/82,82.9,10.8,0,10.8,0.4,8.95,-0.25,9.2,-0.51,NA,100,99.9
1/1/83,91.3,10.4,-0.4,10.8,0,8.68,-0.27,8.95,-0.25,NA,100.8,100
2/1/83,96.3,10.4,0,10.4,-0.4,8.51,-0.17,8.68,-0.27,NA,102.3,100.8
3/1/83,134.6,10.3,-0.1,10.4,0,8.77,0.26,8.51,-0.17,NA,102.4,102.3
4/1/83,135.8,10.2,-0.1,10.3,-0.1,8.8,0.03,8.77,0.26,NA,102.8,102.4
5/1/83,174.9,10.1,-0.1,10.2,-0.1,8.63,-0.17,8.8,0.03,NA,103,102.8
6/1/83,173.2,10.1,0,10.1,-0.1,8.98,0.35,8.63,-0.17,NA,103.7,103
7/1/83,161.6,9.4,-0.7,10.1,0,9.37,0.39,8.98,0.35,NA,103.9,103.7
8/1/83,176.8,9.5,0.1,9.4,-0.7,9.56,0.19,9.37,0.39,NA,104.1,103.9
9/1/83,154.9,9.2,-0.3,9.5,0.1,9.45,-0.11,9.56,0.19,NA,104.1,104.1
10/1/83,159.3,8.8,-0.4,9.2,-0.3,9.48,0.03,9.45,-0.11,NA,104.3,104.1
11/1/83,136,8.5,-0.3,8.8,-0.4,9.34,-0.14,9.48,0.03,NA,104.3,104.3
12/1/83,108.3,8.3,-0.2,8.5,-0.3,9.47,0.13,9.34,-0.14,NA,104.6,104.3
1/1/84,109.1,8,-0.3,8.3,-0.2,9.56,0.09,9.47,0.13,NA,105,104.6
2/1/84,130,7.8,-0.2,8,-0.3,9.59,0.03,9.56,0.09,NA,105.9,105
3/1/84,137.5,7.8,0,7.8,-0.2,9.91,0.32,9.59,0.03,NA,106.4,105.9
4/1/84,172.7,7.7,-0.1,7.8,0,10.29,0.38,9.91,0.32,NA,106.6,106.4
5/1/84,180.7,7.4,-0.3,7.7,-0.1,10.32,0.03,10.29,0.38,NA,106.3,106.6
6/1/84,184,7.2,-0.2,7.4,-0.3,11.06,0.74,10.32,0.03,NA,106.3,106.3
7/1/84,162.1,7.5,0.3,7.2,-0.2,11.23,0.17,11.06,0.74,NA,106.5,106.3
8/1/84,147.4,7.5,0,7.5,0.3,11.64,0.41,11.23,0.17,NA,106.8,106.5
9/1/84,148.5,7.3,-0.2,7.5,0,11.3,-0.34,11.64,0.41,NA,106.7,106.8
10/1/84,152.3,7.4,0.1,7.3,-0.2,9.99,-1.31,11.3,-0.34,NA,106.7,106.7
11/1/84,126.2,7.2,-0.2,7.4,0.1,9.43,-0.56,9.99,-1.31,NA,106.6,106.7
12/1/84,98.9,7.3,0.1,7.2,-0.2,8.38,-1.05,9.43,-0.56,NA,106.8,106.6
1/1/85,105.4,7.3,0,7.3,0.1,8.35,-0.03,8.38,-1.05,NA,107.1,106.8
2/1/85,95.4,7.2,-0.1,7.3,0,8.5,0.15,8.35,-0.03,NA,107,107.1
3/1/85,145,7.2,0,7.2,-0.1,8.58,0.08,8.5,0.15,NA,107.1,107
4/1/85,175.8,7.3,0.1,7.2,0,8.27,-0.31,8.58,0.08,NA,107.2,107.1
5/1/85,170.2,7.2,-0.1,7.3,0.1,7.97,-0.3,8.27,-0.31,NA,107.9,107.2
6/1/85,163.2,7.4,0.2,7.2,-0.1,7.53,-0.44,7.97,-0.3,NA,108.5,107.9
7/1/85,160.7,7.4,0,7.4,0.2,7.88,0.35,7.53,-0.44,NA,108.2,108.5
8/1/85,160.7,7.1,-0.3,7.4,0,7.9,0.02,7.88,0.35,NA,107.9,108.2
9/1/85,147.7,7.1,0,7.1,-0.3,7.92,0.02,7.9,0.02,NA,107.4,107.9
10/1/85,173,7.1,0,7.1,0,7.99,0.07,7.92,0.02,NA,107.5,107.4
11/1/85,124.1,7,-0.1,7.1,0,8.05,0.06,7.99,0.07,NA,107.3,107.5
12/1/85,120.5,7,0,7,-0.1,8.27,0.22,8.05,0.06,NA,107.6,107.3
1/1/86,115.6,6.7,-0.3,7,0,8.14,-0.13,8.27,0.22,NA,106.7,107.6
2/1/86,107.2,7.2,0.5,6.7,-0.3,7.86,-0.28,8.14,-0.13,NA,106.7,106.7
3/1/86,151,7.2,0,7.2,0.5,7.48,-0.38,7.86,-0.28,NA,106.9,106.7
4/1/86,188.2,7.1,-0.1,7.2,0,6.99,-0.49,7.48,-0.38,NA,107.6,106.9
5/1/86,186.6,7.2,0.1,7.1,-0.1,6.85,-0.14,6.99,-0.49,NA,107.7,107.6
6/1/86,183.6,7.2,0,7.2,0.1,6.92,0.07,6.85,-0.14,NA,107.4,107.7
7/1/86,172,7,-0.2,7.2,0,6.56,-0.36,6.92,0.07,NA,107.5,107.4
8/1/86,163.8,6.9,-0.1,7,-0.2,6.17,-0.39,6.56,-0.36,NA,107.4,107.5
9/1/86,154,7,0.1,6.9,-0.1,5.89,-0.28,6.17,-0.39,NA,107.7,107.4
10/1/86,154.8,7,0,7,0.1,5.85,-0.04,5.89,-0.28,NA,107.6,107.7
11/1/86,115.6,6.9,-0.1,7,0,6.04,0.19,5.85,-0.04,NA,107.6,107.6
12/1/86,113,6.6,-0.3,6.9,-0.1,6.91,0.87,6.04,0.19,NA,107.3,107.6
1/1/87,105.1,6.6,0,6.6,-0.3,6.43,-0.48,6.91,0.87,63.733,107.6,107.3
2/1/87,102.8,6.6,0,6.6,0,6.1,-0.33,6.43,-0.48,64.133,107.9,107.6
3/1/87,141.2,6.6,0,6.6,0,6.13,0.03,6.1,-0.33,64.468,108.1,107.9
4/1/87,159.3,6.3,-0.3,6.6,0,6.37,0.24,6.13,0.03,64.972,108.3,108.1
5/1/87,158,6.3,0,6.3,-0.3,6.85,0.48,6.37,0.24,65.547,108.3,108.3
6/1/87,162.9,6.2,-0.1,6.3,0,6.73,-0.12,6.85,0.48,66.218,108.6,108.3
7/1/87,152.4,6.1,-0.1,6.2,-0.1,6.58,-0.15,6.73,-0.12,66.787,109.2,108.6
8/1/87,143.6,6,-0.1,6.1,-0.1,6.73,0.15,6.58,-0.15,67.27,109.7,109.2
9/1/87,152,5.9,-0.1,6,-0.1,7.22,0.49,6.73,0.15,67.624,110.5,109.7
10/1/87,139.1,6,0.1,5.9,-0.1,7.29,0.07,7.22,0.49,67.902,111.5,110.5
11/1/87,118.8,5.8,-0.2,6,0.1,6.69,-0.6,7.29,0.07,68.091,112.2,111.5
12/1/87,85.4,5.7,-0.1,5.8,-0.2,6.77,0.08,6.69,-0.6,68.342,112.6,112.2
1/1/88,78.2,5.7,0,5.7,-0.1,6.83,0.06,6.77,0.08,68.581,113.9,112.6
2/1/88,90.2,5.7,0,5.7,0,6.58,-0.25,6.83,0.06,68.914,114,113.9
3/1/88,128.8,5.7,0,5.7,0,6.58,0,6.58,-0.25,69.322,114.2,114
4/1/88,153.2,5.4,-0.3,5.7,0,6.87,0.29,6.58,0,69.787,114.9,114.2
5/1/88,140.2,5.6,0.2,5.4,-0.3,7.09,0.22,6.87,0.29,70.407,115.2,114.9
6/1/88,150.2,5.4,-0.2,5.6,0.2,7.51,0.42,7.09,0.22,71.067,115.3,115.2
7/1/88,137,5.4,0,5.4,-0.2,7.75,0.24,7.51,0.42,71.685,115.9,115.3
8/1/88,136.8,5.6,0.2,5.4,0,8.01,0.26,7.75,0.24,72.185,116.1,115.9
9/1/88,131.1,5.4,-0.2,5.6,0.2,8.19,0.18,8.01,0.26,72.574,116.3,116.1
10/1/88,135.1,5.4,0,5.4,-0.2,8.3,0.11,8.19,0.18,72.822,117.1,116.3
11/1/88,113,5.3,-0.1,5.4,0,8.35,0.05,8.3,0.11,73.064,117.4,117.1
12/1/88,94.2,5.3,0,5.3,-0.1,8.76,0.41,8.35,0.05,73.278,117.6,117.4
1/1/89,100.1,5.4,0.1,5.3,0,9.12,0.36,8.76,0.41,73.617,118.3,117.6
2/1/89,85.8,5.2,-0.2,5.4,0.1,9.36,0.24,9.12,0.36,73.968,118.6,118.3
3/1/89,117.8,5,-0.2,5.2,-0.2,9.85,0.49,9.36,0.24,74.41,118.9,118.6
4/1/89,129.4,5.2,0.2,5,-0.2,9.84,-0.01,9.85,0.49,74.867,119.3,118.9
5/1/89,131.7,5.2,0,5.2,0.2,9.81,-0.03,9.84,-0.01,75.295,119.6,119.3
6/1/89,143.2,5.3,0.1,5.2,0,9.53,-0.28,9.81,-0.03,75.695,119.6,119.6
7/1/89,134.7,5.2,-0.1,5.3,0.1,9.24,-0.29,9.53,-0.28,76.04,119.8,119.6
8/1/89,122.4,5.2,0,5.2,-0.1,8.99,-0.25,9.24,-0.29,76.271,119.5,119.8
9/1/89,109.3,5.3,0.1,5.2,0,9.02,0.03,8.99,-0.25,76.421,119.9,119.5
10/1/89,130.1,5.3,0,5.3,0.1,8.84,-0.18,9.02,0.03,76.488,120.6,119.9
11/1/89,96.6,5.4,0.1,5.3,0,8.55,-0.29,8.84,-0.18,76.521,120.2,120.6
12/1/89,75,5.4,0,5.4,0.1,8.45,-0.1,8.55,-0.29,76.498,119.4,120.2
1/1/90,99.2,5.4,0,5.4,0,8.23,-0.22,8.45,-0.1,76.527,119.1,119.4
2/1/90,86.9,5.3,-0.1,5.4,0,8.24,0.01,8.23,-0.22,76.587,119,119.1
3/1/90,108.5,5.2,-0.1,5.3,-0.1,8.28,0.04,8.24,0.01,76.79,119.6,119
4/1/90,119,5.4,0.2,5.2,-0.1,8.26,-0.02,8.28,0.04,77.038,120.1,119.6
5/1/90,121.1,5.4,0,5.4,0.2,8.18,-0.08,8.26,-0.02,77.297,120.1,120.1
6/1/90,117.8,5.2,-0.2,5.4,0,8.29,0.11,8.18,-0.08,77.505,119.5,120.1
7/1/90,111.2,5.5,0.3,5.2,-0.2,8.15,-0.14,8.29,0.11,77.56,119.7,119.5
8/1/90,102.8,5.7,0.2,5.5,0.3,8.13,-0.02,8.15,-0.14,77.479,119.5,119.7
9/1/90,93.1,5.9,0.2,5.7,0.2,8.2,0.07,8.13,-0.02,77.228,119.8,119.5
10/1/90,94.2,5.9,0,5.9,0.2,8.11,-0.09,8.2,0.07,76.912,119.6,119.8
11/1/90,81.4,6.2,0.3,5.9,0,7.81,-0.3,8.11,-0.09,76.381,119.7,119.6
12/1/90,57.4,6.3,0.1,6.2,0.3,7.31,-0.5,7.81,-0.3,75.972,119.7,119.7
1/1/91,52.5,6.4,0.1,6.3,0.1,6.91,-0.4,7.31,-0.5,75.533,120,119.7
2/1/91,59.1,6.6,0.2,6.4,0.1,6.25,-0.66,6.91,-0.4,75.25,119.9,120
3/1/91,73.8,6.8,0.2,6.6,0.2,6.12,-0.13,6.25,-0.66,75.137,120,119.9
4/1/91,99.7,6.7,-0.1,6.8,0.2,5.91,-0.21,6.12,-0.13,75.316,120.1,120
5/1/91,97.7,6.9,0.2,6.7,-0.1,5.78,-0.13,5.91,-0.21,75.769,120.6,120.1
6/1/91,103.4,6.9,0,6.9,0.2,5.9,0.12,5.78,-0.13,76.253,121.4,120.6
7/1/91,103.5,6.8,-0.1,6.9,0,5.82,-0.08,5.9,0.12,76.518,121.5,121.4
8/1/91,94.7,6.9,0.1,6.8,-0.1,5.66,-0.16,5.82,-0.08,76.595,120.3,121.5
9/1/91,86.6,6.9,0,6.9,0.1,5.45,-0.21,5.66,-0.16,76.575,120.3,120.3
10/1/91,101.8,7,0.1,6.9,0,5.21,-0.24,5.45,-0.21,76.292,120.2,120.3
11/1/91,75.6,7,0,7,0.1,4.81,-0.4,5.21,-0.24,76.032,120.1,120.2
12/1/91,65.6,7.3,0.3,7,0,4.43,-0.38,4.81,-0.4,75.845,120.2,120.1
1/1/92,71.6,7.3,0,7.3,0.3,4.03,-0.4,4.43,-0.38,75.701,120.6,120.2
2/1/92,78.8,7.4,0.1,7.3,0,4.06,0.03,4.03,-0.4,75.657,121.9,120.6
3/1/92,111.6,7.4,0,7.4,0.1,3.98,-0.08,4.06,0.03,75.815,122.7,121.9
4/1/92,107.6,7.4,0,7.4,0,3.73,-0.25,3.98,-0.08,76.081,122.8,122.7
5/1/92,115.2,7.6,0.2,7.4,0,3.82,0.09,3.73,-0.25,76.399,122.7,122.8
6/1/92,117.8,7.8,0.2,7.6,0.2,3.76,-0.06,3.82,0.09,76.603,122.6,122.7
7/1/92,106.2,7.7,-0.1,7.8,0.2,3.25,-0.51,3.76,-0.06,76.712,122.4,122.6
8/1/92,109.9,7.6,-0.1,7.7,-0.1,3.3,0.05,3.25,-0.51,76.733,122.4,122.4
9/1/92,106,7.6,0,7.6,-0.1,3.22,-0.08,3.3,0.05,76.629,123,122.4
10/1/92,111.8,7.3,-0.3,7.6,0,3.1,-0.12,3.22,-0.08,76.599,122.6,123
11/1/92,84.5,7.4,0.1,7.3,-0.3,3.09,-0.01,3.1,-0.12,76.58,122.7,122.6
12/1/92,78.6,7.4,0,7.4,0.1,2.92,-0.17,3.09,-0.01,76.466,123.7,122.7
1/1/93,70.5,7.3,-0.1,7.4,0,3.02,0.1,2.92,-0.17,76.397,125.2,123.7
2/1/93,74.6,7.1,-0.2,7.3,-0.1,3.03,0.01,3.02,0.1,76.329,127.4,125.2
3/1/93,95.5,7,-0.1,7.1,-0.2,3.07,0.04,3.03,0.01,76.384,129.2,127.4
4/1/93,117.8,7.1,0.1,7,-0.1,2.96,-0.11,3.07,0.04,76.662,129.5,129.2
5/1/93,120.9,7.1,0,7.1,0.1,3,0.04,2.96,-0.11,77.031,128.5,129.5
6/1/93,128.5,7,-0.1,7.1,0,3.04,0.04,3,0.04,77.517,127.7,128.5
7/1/93,115.3,6.9,-0.1,7,-0.1,3.06,0.02,3.04,0.04,77.887,127.4,127.7
8/1/93,121.8,6.8,-0.1,6.9,-0.1,3.03,-0.03,3.06,0.02,78.132,128.2,127.4
9/1/93,118.5,6.7,-0.1,6.8,-0.1,3.09,0.06,3.03,-0.03,78.199,129.1,128.2
10/1/93,123.3,6.8,0.1,6.7,-0.1,2.99,-0.1,3.09,0.06,78.173,129.3,129.1
11/1/93,102.3,6.6,-0.2,6.8,0.1,3.02,0.03,2.99,-0.1,78.171,130.3,129.3
12/1/93,98.7,6.5,-0.1,6.6,-0.2,2.96,-0.06,3.02,0.03,78.115,131.4,130.3
1/1/94,76.2,6.6,0.1,6.5,-0.1,3.05,0.09,2.96,-0.06,78.2,132.5,131.4
2/1/94,83.5,6.6,0,6.6,0.1,3.25,0.2,3.05,0.09,78.206,132.4,132.5
3/1/94,134.3,6.5,-0.1,6.6,0,3.34,0.09,3.25,0.2,78.35,132.7,132.4
4/1/94,137.6,6.4,-0.1,6.5,-0.1,3.56,0.22,3.34,0.09,78.702,132.1,132.7
5/1/94,148.8,6.1,-0.3,6.4,-0.1,4.01,0.45,3.56,0.22,79.209,132.4,132.1
6/1/94,136.4,6.1,0,6.1,-0.3,4.25,0.24,4.01,0.45,79.701,133.3,132.4
7/1/94,127.8,6.1,0,6.1,0,4.26,0.01,4.25,0.24,80.063,133.4,133.3
8/1/94,139.8,6,-0.1,6.1,0,4.47,0.21,4.26,0.01,80.317,134.1,133.4
9/1/94,130.1,5.9,-0.1,6,-0.1,4.73,0.26,4.47,0.21,80.341,135,134.1
10/1/94,130.6,5.8,-0.1,5.9,-0.1,4.76,0.03,4.73,0.26,80.306,135.3,135
11/1/94,113.4,5.6,-0.2,5.8,-0.1,5.29,0.53,4.76,0.03,80.171,136.5,135.3
12/1/94,98.5,5.5,-0.1,5.6,-0.2,5.45,0.16,5.29,0.53,80.08,136.5,136.5
1/1/95,84.5,5.6,0.1,5.5,-0.1,5.53,0.08,5.45,0.16,80.028,137.4,136.5
2/1/95,81.6,5.4,-0.2,5.6,0.1,5.92,0.39,5.53,0.08,79.993,138,137.4
3/1/95,103.8,5.4,0,5.4,-0.2,5.98,0.06,5.92,0.39,80.079,138.6,138
4/1/95,116.9,5.8,0.4,5.4,0,6.05,0.07,5.98,0.06,80.37,139.2,138.6
5/1/95,130.5,5.6,-0.2,5.8,0.4,6.01,-0.04,6.05,0.07,80.692,139.3,139.2
6/1/95,123.4,5.6,0,5.6,-0.2,6,-0.01,6.01,-0.04,81.069,138.9,139.3
7/1/95,129.1,5.7,0.1,5.6,0,5.85,-0.15,6,-0.01,81.413,139.6,138.9
8/1/95,135.8,5.7,0,5.7,0.1,5.74,-0.11,5.85,-0.15,81.656,139.8,139.6
9/1/95,122.4,5.6,-0.1,5.7,0,5.8,0.06,5.74,-0.11,81.74,139.7,139.8
10/1/95,126.2,5.5,-0.1,5.6,-0.1,5.76,-0.04,5.8,0.06,81.728,139.1,139.7
11/1/95,107.2,5.6,0.1,5.5,-0.1,5.8,0.04,5.76,-0.04,81.632,138.4,139.1
12/1/95,92.8,5.6,0,5.6,0.1,5.6,-0.2,5.8,0.04,81.514,138.1,138.4
1/1/96,90.7,5.6,0,5.6,0,5.56,-0.04,5.6,-0.2,81.428,137.7,138.1
2/1/96,95.9,5.5,-0.1,5.6,0,5.22,-0.34,5.56,-0.04,81.401,137.7,137.7
3/1/96,116,5.5,0,5.5,-0.1,5.31,0.09,5.22,-0.34,81.667,137.8,137.7
4/1/96,146.6,5.6,0.1,5.5,0,5.22,-0.09,5.31,0.09,82.126,138.2,137.8
5/1/96,143.9,5.6,0,5.6,0.1,5.24,0.02,5.22,-0.09,82.603,139.6,138.2
6/1/96,138,5.3,-0.3,5.6,0,5.27,0.03,5.24,0.02,83.049,140,139.6
7/1/96,137.5,5.5,0.2,5.3,-0.3,5.4,0.13,5.27,0.03,83.42,139.9,140
8/1/96,144.2,5.1,-0.4,5.5,0.2,5.22,-0.18,5.4,0.13,83.646,140.4,139.9
9/1/96,128.7,5.2,0.1,5.1,-0.4,5.3,0.08,5.22,-0.18,83.703,141.4,140.4
10/1/96,130.8,5.2,0,5.2,0.1,5.24,-0.06,5.3,0.08,83.63,140.7,141.4
11/1/96,111.5,5.4,0.2,5.2,0,5.31,0.07,5.24,-0.06,83.557,141.3,140.7
12/1/96,93.1,5.4,0,5.4,0.2,5.29,-0.02,5.31,0.07,83.491,140.9,141.3
1/1/97,82.2,5.3,-0.1,5.4,0,5.25,-0.04,5.29,-0.02,83.531,141.1,140.9
2/1/97,94.7,5.2,-0.1,5.3,-0.1,5.19,-0.06,5.25,-0.04,83.598,141.8,141.1
3/1/97,120.4,5.2,0,5.2,-0.1,5.39,0.2,5.19,-0.06,83.913,142.1,141.8
4/1/97,142.3,5.1,-0.1,5.2,0,5.51,0.12,5.39,0.2,84.322,142.6,142.1
5/1/97,136.3,4.9,-0.2,5.1,-0.1,5.5,-0.01,5.51,0.12,84.866,142.6,142.6
6/1/97,140.4,5,0.1,4.9,-0.2,5.56,0.06,5.5,-0.01,85.4,142.5,142.6
7/1/97,134.6,4.9,-0.1,5,0.1,5.52,-0.04,5.56,0.06,85.842,142.8,142.5
8/1/97,126.5,4.8,-0.1,4.9,-0.1,5.54,0.02,5.52,-0.04,86.152,142.6,142.8
9/1/97,139.2,4.9,0.1,4.8,-0.1,5.54,0,5.54,0.02,86.312,142.1,142.6
10/1/97,139,4.7,-0.2,4.9,0.1,5.5,-0.04,5.54,0,86.409,141.5,142.1
11/1/97,112.4,4.6,-0.1,4.7,-0.2,5.52,0.02,5.5,-0.04,86.633,141.8,141.5
12/1/97,106,4.7,0.1,4.6,-0.1,5.5,-0.02,5.52,0.02,86.849,141.4,141.8
1/1/98,91.2,4.6,-0.1,4.7,0.1,5.56,0.06,5.5,-0.02,87.165,141.2,141.4
2/1/98,101.1,4.6,0,4.6,-0.1,5.51,-0.05,5.56,0.06,87.375,141.3,141.2
3/1/98,132.6,4.7,0.1,4.6,0,5.49,-0.02,5.51,-0.05,87.878,141.4,141.3
4/1/98,144.9,4.3,-0.4,4.7,0.1,5.45,-0.04,5.49,-0.02,88.559,141.8,141.4
5/1/98,143.3,4.4,0.1,4.3,-0.4,5.49,0.04,5.45,-0.04,89.375,141.6,141.8
6/1/98,159.6,4.5,0.1,4.4,0.1,5.56,0.07,5.49,0.04,90.196,141.2,141.6
7/1/98,156,4.5,0,4.5,0.1,5.54,-0.02,5.56,0.07,90.861,141.9,141.2
8/1/98,147.5,4.5,0,4.5,0,5.55,0.01,5.54,-0.02,91.408,142.4,141.9
9/1/98,141.5,4.6,0.1,4.5,0,5.51,-0.04,5.55,0.01,91.753,142,142.4
10/1/98,155.5,4.5,-0.1,4.6,0.1,5.07,-0.44,5.51,-0.04,92,140.8,142
11/1/98,124.2,4.4,-0.1,4.5,-0.1,4.83,-0.24,5.07,-0.44,92.198,140.5,140.8
12/1/98,119.6,4.4,0,4.4,-0.1,4.68,-0.15,4.83,-0.24,92.445,140.5,140.5
1/1/99,106.8,4.3,-0.1,4.4,0,4.63,-0.05,4.68,-0.15,92.715,140.5,140.5
2/1/99,110.2,4.4,0.1,4.3,-0.1,4.76,0.13,4.63,-0.05,92.982,141.1,140.5
3/1/99,147.3,4.2,-0.2,4.4,0.1,4.81,0.05,4.76,0.13,93.612,141.6,141.1
4/1/99,144.6,4.3,0.1,4.2,-0.2,4.74,-0.07,4.81,0.05,94.437,141.6,141.6
5/1/99,153.2,4.2,-0.1,4.3,0.1,4.74,0,4.74,-0.07,95.362,142.3,141.6
6/1/99,149.4,4.3,0.1,4.2,-0.1,4.76,0.02,4.74,0,96.365,143.9,142.3
7/1/99,152.6,4.3,0,4.3,0.1,4.99,0.23,4.76,0.02,97.194,145,143.9
8/1/99,152.9,4.2,-0.1,4.3,0,5.07,0.08,4.99,0.23,97.899,144.8,145
9/1/99,140.3,4.2,0,4.2,-0.1,5.22,0.15,5.07,0.08,98.401,143.5,144.8
10/1/99,142.9,4.1,-0.1,4.2,0,5.2,-0.02,5.22,0.15,98.833,142.6,143.5
11/1/99,127.4,4.1,0,4.1,-0.1,5.42,0.22,5.2,-0.02,99.15,142.9,142.6
12/1/99,113.6,4,-0.1,4.1,0,5.3,-0.12,5.42,0.22,99.544,143.3,142.9
1/1/00,104,4,0,4,-0.1,5.45,0.15,5.3,-0.12,100,144.1,143.3
2/1/00,119.7,4.1,0.1,4,0,5.73,0.28,5.45,0.15,100.571,144.7,144.1
3/1/00,133.4,4,-0.1,4.1,0.1,5.85,0.12,5.73,0.28,101.466,145.4,144.7
4/1/00,149.5,3.8,-0.2,4,-0.1,6.02,0.17,5.85,0.12,102.541,145.6,145.4
5/1/00,152.9,4,0.2,3.8,-0.2,6.27,0.25,6.02,0.17,103.702,144.9,145.6
6/1/00,146.3,4,0,4,0.2,6.53,0.26,6.27,0.25,104.856,145,144.9
7/1/00,135,4,0,4,0,6.54,0.01,6.53,0.26,105.722,144.4,145
8/1/00,141.4,4.1,0.1,4,0,6.5,-0.04,6.54,0.01,106.522,143.7,144.4
9/1/00,128.9,3.9,-0.2,4.1,0.1,6.52,0.02,6.5,-0.04,107.136,143.4,143.7
10/1/00,139.7,3.9,0,3.9,-0.2,6.51,-0.01,6.52,0.02,107.729,143.3,143.4
11/1/00,117.1,3.9,0,3.9,0,6.51,0,6.51,-0.01,108.292,142.7,143.3
12/1/00,100.7,3.9,0,3.9,0,6.4,-0.11,6.51,0,108.792,142.5,142.7
1/1/01,106.4,4.2,0.3,3.9,0,5.98,-0.42,6.4,-0.11,109.215,142,142.5
2/1/01,108.2,4.2,0,4.2,0.3,5.49,-0.49,5.98,-0.42,109.643,142.4,142
3/1/01,133.2,4.3,0.1,4.2,0,5.31,-0.18,5.49,-0.49,110.394,142.4,142.4
4/1/01,151.3,4.4,0.1,4.3,0.1,4.8,-0.51,5.31,-0.18,111.248,142.5,142.4
5/1/01,154,4.3,-0.1,4.4,0.1,4.21,-0.59,4.8,-0.51,112.203,144.2,142.5
6/1/01,155.2,4.5,0.2,4.3,-0.1,3.97,-0.24,4.21,-0.59,113.273,144.3,144.2
7/1/01,154.6,4.6,0.1,4.5,0.2,3.77,-0.2,3.97,-0.24,114.227,143.4,144.3
8/1/01,141.5,4.9,0.3,4.6,0.1,3.65,-0.12,3.77,-0.2,114.989,143.3,143.4
9/1/01,133.1,5,0.1,4.9,0.3,3.07,-0.58,3.65,-0.12,115.465,143,143.3
10/1/01,139.8,5.3,0.3,5,0.1,2.49,-0.58,3.07,-0.58,115.681,142.3,143
11/1/01,121,5.5,0.2,5.3,0.3,2.09,-0.4,2.49,-0.58,115.838,142.1,142.3
12/1/01,104.6,5.7,0.2,5.5,0.2,1.82,-0.27,2.09,-0.4,116.055,141.7,142.1
1/1/02,110.4,5.7,0,5.7,0.2,1.73,-0.09,1.82,-0.27,116.437,142,141.7
2/1/02,120.4,5.7,0,5.7,0,1.74,0.01,1.73,-0.09,116.916,142.2,142
3/1/02,138.2,5.7,0,5.7,0,1.73,-0.01,1.74,0.01,117.929,143.2,142.2
4/1/02,148.8,5.9,0.2,5.7,0,1.75,0.02,1.73,-0.01,119.209,143.5,143.2
5/1/02,165.5,5.8,-0.1,5.9,0.2,1.75,0,1.75,0.02,120.788,143.8,143.5
6/1/02,160.3,5.8,0,5.8,-0.1,1.75,0,1.75,0,122.333,144.3,143.8
7/1/02,155.9,5.8,0,5.8,0,1.73,-0.02,1.75,0,123.688,144.7,144.3
8/1/02,147,5.7,-0.1,5.8,0,1.74,0.01,1.73,-0.02,124.73,145.1,144.7
9/1/02,155.6,5.7,0,5.7,-0.1,1.75,0.01,1.74,0.01,125.495,145.4,145.1
10/1/02,146.8,5.7,0,5.7,0,1.75,0,1.75,0.01,126.138,145,145.4
11/1/02,133,5.9,0.2,5.7,0,1.34,-0.41,1.75,0,126.643,144.6,145
12/1/02,123.1,6,0.1,5.9,0.2,1.24,-0.1,1.34,-0.41,127.151,144.3,144.6
1/1/03,117.8,5.8,-0.2,6,0.1,1.24,0,1.24,-0.1,127.652,144.4,144.3
2/1/03,109.7,5.9,0.1,5.8,-0.2,1.26,0.02,1.24,0,128.326,145.2,144.4
3/1/03,147.2,5.9,0,5.9,0.1,1.25,-0.01,1.26,0.02,129.308,145.2,145.2
4/1/03,151.2,6,0.1,5.9,0,1.26,0.01,1.25,-0.01,130.488,145.9,145.2
5/1/03,165,6.1,0.1,6,0.1,1.26,0,1.26,0.01,131.84,145.8,145.9
6/1/03,174.5,6.3,0.2,6.1,0.1,1.22,-0.04,1.26,0,133.225,146.1,145.8
7/1/03,175.8,6.2,-0.1,6.3,0.2,1.01,-0.21,1.22,-0.04,134.647,147,146.1
8/1/03,163.8,6.1,-0.1,6.2,-0.1,1.03,0.02,1.01,-0.21,135.965,147.2,147
9/1/03,171.3,6.1,0,6.1,-0.1,1.01,-0.02,1.03,0.02,137.076,149,147.2
10/1/03,173.5,6,-0.1,6.1,0,1.01,0,1.01,-0.02,137.976,149.6,149
11/1/03,153.7,5.8,-0.2,6,-0.1,1,-0.01,1.01,0,138.766,150.2,149.6
12/1/03,144.2,5.7,-0.1,5.8,-0.2,0.98,-0.02,1,-0.01,139.628,149.7,150.2
1/1/04,124.5,5.7,0,5.7,-0.1,1,0.02,0.98,-0.02,140.705,150,149.7
2/1/04,126.4,5.6,-0.1,5.7,0,1.01,0.01,1,0.02,142.027,153.4,150
3/1/04,173.8,5.8,0.2,5.6,-0.1,1,-0.01,1.01,0.01,144.079,156.5,153.4
4/1/04,179.5,5.6,-0.2,5.8,0.2,1,0,1,-0.01,146.18,160.1,156.5
5/1/04,187.6,5.6,0,5.6,-0.2,1,0,1,0,148.336,162.7,160.1
6/1/04,172.3,5.6,0,5.6,0,1.03,0.03,1,0,150.52,162,162.7
7/1/04,182,5.5,-0.1,5.6,0,1.26,0.23,1.03,0.03,152.338,162.2,162
8/1/04,185.9,5.4,-0.1,5.5,-0.1,1.43,0.17,1.26,0.23,153.815,165.9,162.2
9/1/04,164,5.4,0,5.4,-0.1,1.61,0.18,1.43,0.17,155.109,167.2,165.9
10/1/04,181.3,5.5,0.1,5.4,0,1.76,0.15,1.61,0.18,156.3,165.9,167.2
11/1/04,138.1,5.4,-0.1,5.5,0.1,1.93,0.17,1.76,0.15,157.498,165.5,165.9
12/1/04,140.2,5.4,0,5.4,-0.1,2.16,0.23,1.93,0.17,158.671,166.3,165.5
1/1/05,142.9,5.3,-0.1,5.4,0,2.28,0.12,2.16,0.23,160.131,168.6,166.3
2/1/05,149.1,5.4,0.1,5.3,-0.1,2.5,0.22,2.28,0.12,161.925,170.4,168.6
3/1/05,156.2,5.2,-0.2,5.4,0.1,2.63,0.13,2.5,0.22,164.577,170,170.4
4/1/05,184.6,5.2,0,5.2,-0.2,2.79,0.16,2.63,0.13,167.001,170,170
5/1/05,197.9,5.1,-0.1,5.2,0,3,0.21,2.79,0.16,169.546,168.1,170
6/1/05,192.8,5,-0.1,5.1,-0.1,3.04,0.04,3,0.21,172.017,167.8,168.1
7/1/05,187.6,5,0,5,-0.1,3.26,0.22,3.04,0.04,174.099,167.2,167.8
8/1/05,192,4.9,-0.1,5,0,3.5,0.24,3.26,0.22,175.924,165.9,167.2
9/1/05,187.9,5,0.1,4.9,-0.1,3.62,0.12,3.5,0.24,177.612,168.9,165.9
10/1/05,180.4,5,0,5,0.1,3.78,0.16,3.62,0.12,178.753,171.6,168.9
11/1/05,160.7,5,0,5,0,4,0.22,3.78,0.16,179.675,172.7,171.6
12/1/05,136,4.9,-0.1,5,0,4.16,0.16,4,0.22,180.108,173.5,172.7
1/1/06,153,4.7,-0.2,4.9,-0.1,4.29,0.13,4.16,0.16,180.828,177.2,173.5
2/1/06,145.1,4.8,0.1,4.7,-0.2,4.49,0.2,4.29,0.13,181.5,177.7,177.2
3/1/06,165.9,4.7,-0.1,4.8,0.1,4.59,0.1,4.49,0.2,182.749,178.3,177.7
4/1/06,160.5,4.7,0,4.7,-0.1,4.79,0.2,4.59,0.1,183.648,179,178.3
5/1/06,190.2,4.6,-0.1,4.7,0,4.94,0.15,4.79,0.2,184.38,179.9,179
6/1/06,170.2,4.6,0,4.6,-0.1,4.99,0.05,4.94,0.15,184.547,180.7,179.9
7/1/06,160.9,4.7,0.1,4.6,0,5.24,0.25,4.99,0.05,184.607,182.3,180.7
8/1/06,146.8,4.7,0,4.7,0.1,5.25,0.01,5.24,0.25,184.404,182.6,182.3
9/1/06,150.1,4.5,-0.2,4.7,0,5.25,0,5.25,0.01,184.198,183.3,182.6
10/1/06,130.6,4.4,-0.1,4.5,-0.2,5.25,0,5.25,0,184.053,182.3,183.3
11/1/06,115.2,4.5,0.1,4.4,-0.1,5.25,0,5.25,0,183.63,179.8,182.3
12/1/06,112.4,4.4,-0.1,4.5,0.1,5.24,-0.01,5.25,0,183.229,179.8,179.8
1/1/07,95,4.6,0.2,4.4,-0.1,5.25,0.01,5.24,-0.01,182.718,181.1,179.8
2/1/07,103.1,4.5,-0.1,4.6,0.2,5.26,0.01,5.25,0.01,182.471,181.5,181.1
3/1/07,123.8,4.4,-0.1,4.5,-0.1,5.26,0,5.26,0.01,182.193,182.5,181.5
4/1/07,135.6,4.5,0.1,4.4,-0.1,5.25,-0.01,5.26,0,182.131,183.7,182.5
5/1/07,136.5,4.4,-0.1,4.5,0.1,5.25,0,5.25,-0.01,181.885,184,183.7
6/1/07,137.8,4.6,0.2,4.4,-0.1,5.25,0,5.25,0,181.54,184,184
7/1/07,127.9,4.7,0.1,4.6,0.2,5.26,0.01,5.25,0,180.993,184.2,184
8/1/07,121.2,4.6,-0.1,4.7,0.1,5.02,-0.24,5.26,0.01,180.234,183.9,184.2
9/1/07,101.5,4.7,0.1,4.6,-0.1,4.94,-0.08,5.02,-0.24,179.122,183.4,183.9
10/1/07,115,4.7,0,4.7,0.1,4.76,-0.18,4.94,-0.08,177.529,183,183.4
11/1/07,88.8,4.7,0,4.7,0,4.49,-0.27,4.76,-0.18,175.161,183.3,183
12/1/07,68.9,5,0.3,4.7,0,4.24,-0.25,4.49,-0.27,173.337,183.5,183.3
1/1/08,70.8,5,0,5,0.3,3.94,-0.3,4.24,-0.25,171.076,184.3,183.5
2/1/08,78.4,4.9,-0.1,5,0,2.98,-0.96,3.94,-0.3,169.19,185.7,184.3
3/1/08,82.2,5.1,0.2,4.9,-0.1,2.61,-0.37,2.98,-0.96,167.902,187.8,185.7
4/1/08,89.5,5,-0.1,5.1,0.2,2.28,-0.33,2.61,-0.37,167.321,190.9,187.8
5/1/08,91.7,5.4,0.4,5,-0.1,1.98,-0.3,2.28,-0.33,167.019,195.8,190.9
6/1/08,102.5,5.6,0.2,5.4,0.4,2,0.02,1.98,-0.3,166.536,200.4,195.8
7/1/08,86.7,5.8,0.2,5.6,0.2,2.01,0.01,2,0.02,165.713,203.4,200.4
8/1/08,76.4,6.1,0.3,5.8,0.2,2,-0.01,2.01,0.01,164.277,206.5,203.4
9/1/08,73.9,6.1,0,6.1,0.3,1.81,-0.19,2,-0.01,161.912,206.3,206.5
10/1/08,68.2,6.5,0.4,6.1,0,0.97,-0.84,1.81,-0.19,159.162,201.8,206.3
11/1/08,47.5,6.8,0.3,6.5,0.4,0.39,-0.58,0.97,-0.84,156.071,199.6,201.8
12/1/08,37.7,7.3,0.5,6.8,0.3,0.16,-0.23,0.39,-0.58,152.544,194.8,199.6
1/1/09,31.9,7.8,0.5,7.3,0.5,0.15,-0.01,0.16,-0.23,149.361,193.3,194.8
2/1/09,39.8,8.3,0.5,7.8,0.5,0.22,0.07,0.15,-0.01,147.617,191.2,193.3
3/1/09,42.7,8.7,0.4,8.3,0.5,0.18,-0.04,0.22,0.07,146.514,190.2,191.2
4/1/09,42.5,9,0.3,8.7,0.4,0.15,-0.03,0.18,-0.04,146.942,188.1,190.2
5/1/09,52.2,9.4,0.4,9,0.3,0.18,0.03,0.15,-0.03,148.169,186.9,188.1
6/1/09,59.1,9.5,0.1,9.4,0.4,0.21,0.03,0.18,0.03,149.796,187.1,186.9
7/1/09,56.8,9.5,0,9.5,0.1,0.16,-0.05,0.21,0.03,150.748,187.6,187.1
8/1/09,52.9,9.6,0.1,9.5,0,0.16,0,0.16,-0.05,150.668,188.1,187.6
9/1/09,52.6,9.8,0.2,9.6,0.1,0.15,-0.01,0.16,0,149.628,189.3,188.1
10/1/09,44.5,10,0.2,9.8,0.2,0.12,-0.03,0.15,-0.01,148.585,189.7,189.3
11/1/09,42.3,9.9,-0.1,10,0.2,0.12,0,0.12,-0.03,147.94,189.2,189.7
12/1/09,36.6,9.9,0,9.9,-0.1,0.12,0,0.12,0,146.666,189.4,189.2
1/1/10,38.9,9.8,-0.1,9.9,0,0.11,-0.01,0.12,0,145.003,190.3,189.4
2/1/10,40.7,9.8,0,9.8,-0.1,0.13,0.02,0.11,-0.01,143.054,192.2,190.3
3/1/10,54.7,9.9,0.1,9.8,0,0.16,0.03,0.13,0.02,143.596,193.7,192.2
4/1/10,62,9.9,0,9.9,0.1,0.2,0.04,0.16,0.03,145.402,196.5,193.7
5/1/10,56.2,9.6,-0.3,9.9,0,0.2,0,0.2,0.04,147.037,198.9,196.5
6/1/10,53.8,9.4,-0.2,9.6,-0.3,0.18,-0.02,0.2,0,147.703,197.2,198.9
7/1/10,51.5,9.4,0,9.4,-0.2,0.18,0,0.18,-0.02,147.563,195.6,197.2
8/1/10,56.3,9.5,0.1,9.4,0,0.19,0.01,0.18,0,146.427,194.1,195.6
9/1/10,53,9.5,0,9.5,0.1,0.19,0,0.19,0.01,144.608,193.9,194.1
10/1/10,45.4,9.4,-0.1,9.5,0,0.19,0,0.19,0,143.128,193.8,193.9
11/1/10,40.6,9.8,0.4,9.4,-0.1,0.19,0,0.19,0,141.816,193.6,193.8
12/1/10,33.8,9.3,-0.5,9.8,0.4,0.18,-0.01,0.19,0,140.625,194.2,193.6
1/1/11,40.2,9.1,-0.2,9.3,-0.5,0.17,-0.01,0.18,-0.01,139.032,195.9,194.2
2/1/11,35.4,9,-0.1,9.1,-0.2,0.16,-0.01,0.17,-0.01,137.727,198.1,195.9
3/1/11,49.9,9,0,9,-0.1,0.14,-0.02,0.16,-0.01,137.781,199.7,198.1
4/1/11,49,9.1,0.1,9,0,0.1,-0.04,0.14,-0.02,139.156,201.1,199.7
5/1/11,54,9,-0.1,9.1,0.1,0.09,-0.01,0.1,-0.04,140.692,201.6,201.1
6/1/11,60.5,9.1,0.1,9,-0.1,0.09,0,0.09,-0.01,141.944,201.9,201.6
7/1/11,57.6,9,-0.1,9.1,0.1,0.07,-0.02,0.09,0,142.342,202.6,201.9
8/1/11,54.5,9,0,9,-0.1,0.1,0.03,0.07,-0.02,141.784,202.8,202.6
9/1/11,58.8,9,0,9,0,0.08,-0.02,0.1,0.03,140.165,202.7,202.8
10/1/11,53.2,8.8,-0.2,9,0,0.07,-0.01,0.08,-0.02,138.405,202.7,202.7
11/1/11,53,8.6,-0.2,8.8,-0.2,0.08,0.01,0.07,-0.01,136.66,202.2,202.7
12/1/11,42.7,8.5,-0.1,8.6,-0.2,0.07,-0.01,0.08,0.01,135.162,202.2,202.2
1/1/12,47.2,8.3,-0.2,8.5,-0.1,0.08,0.01,0.07,-0.01,134.162,203.9,202.2
2/1/12,49.7,8.3,0,8.3,-0.2,0.1,0.02,0.08,0.01,133.991,205.1,203.9
3/1/12,58,8.2,-0.1,8.3,0,0.13,0.03,0.1,0.02,135.859,205.7,205.1
4/1/12,66.8,8.2,0,8.2,-0.1,0.14,0.01,0.13,0.03,138.466,206.3,205.7
5/1/12,67.8,8.2,0,8.2,0,0.16,0.02,0.14,0.01,141.043,206.5,206.3
6/1/12,74.7,8.2,0,8.2,0,0.16,0,0.16,0.02,143.166,206.6,206.5
7/1/12,69.2,8.2,0,8.2,0,0.16,0,0.16,0,144.281,206.2,206.6
8/1/12,69,8.1,-0.1,8.2,0,0.13,-0.03,0.16,0,144.704,205.5,206.2
9/1/12,75.8,7.8,-0.3,8.1,-0.1,0.14,0.01,0.13,-0.03,144.355,206.6,205.5
10/1/12,77,7.8,0,7.8,-0.3,0.16,0.02,0.14,0.01,143.962,205.5,206.6
11/1/12,62.2,7.7,-0.1,7.8,0,0.16,0,0.16,0.02,143.953,205.6,205.5
12/1/12,63.2,7.9,0.2,7.7,-0.1,0.16,0,0.16,0,143.86,206.4,205.6
1/1/13,58.7,8,0.1,7.9,0.2,0.14,-0.02,0.16,0,144.305,208.4,206.4
2/1/13,66.1,7.7,-0.3,8,0.1,0.15,0.01,0.14,-0.02,145.157,209.1,208.4
3/1/13,83.3,7.5,-0.2,7.7,-0.3,0.14,-0.01,0.15,0.01,147.957,209.8,209.1
4/1/13,76.3,7.6,0.1,7.5,-0.2,0.15,0.01,0.14,-0.01,150.967,210.7,209.8
5/1/13,87.2,7.5,-0.1,7.6,0.1,0.11,-0.04,0.15,0.01,153.857,209.5,210.7
6/1/13,80.7,7.5,0,7.5,-0.1,0.09,-0.02,0.11,-0.04,156.423,208.8,209.5
7/1/13,84,7.3,-0.2,7.5,0,0.09,0,0.09,-0.02,158.281,208.3,208.8
8/1/13,80.4,7.2,-0.1,7.3,-0.2,0.08,-0.01,0.09,0,159.388,208.9,208.3
9/1/13,78.4,7.2,0,7.2,-0.1,0.08,0,0.08,-0.01,159.668,208.9,208.9
10/1/13,78.4,7.2,0,7.2,0,0.09,0.01,0.08,0,159.554,209.3,208.9
11/1/13,83.8,6.9,-0.3,7.2,0,0.08,-0.01,0.09,0.01,159.364,209.8,209.3
12/1/13,67.6,6.7,-0.2,6.9,-0.3,0.09,0.01,0.08,-0.01,159.281,209.8,209.8
1/1/14,60.7,6.6,-0.1,6.7,-0.2,0.07,-0.02,0.09,0.01,159.368,211.7,209.8
2/1/14,65.1,6.7,0.1,6.6,-0.1,0.07,0,0.07,-0.02,159.869,212.7,211.7
3/1/14,80.2,6.7,0,6.7,0.1,0.08,0.01,0.07,0,161.185,213.4,212.7
4/1/14,94.9,6.2,-0.5,6.7,0,0.09,0.01,0.08,0.01,162.964,213.6,213.4
5/1/14,92.5,6.3,0.1,6.2,-0.5,0.09,0,0.09,0.01,164.678,214.3,213.6
6/1/14,87.3,6.1,-0.2,6.3,0.1,0.1,0.01,0.09,0,166.207,214.5,214.3
7/1/14,101,6.2,0.1,6.1,-0.2,0.09,-0.01,0.1,0.01,167.131,214.8,214.5
8/1/14,86.2,6.1,-0.1,6.2,0.1,0.09,0,0.09,-0.01,167.446,215.5,214.8
9/1/14,94.2,5.9,-0.2,6.1,-0.1,0.09,0,0.09,0,167.236,215.7,215.5
10/1/14,92,5.7,-0.2,5.9,-0.2,0.09,0,0.09,0,166.904,215.9,215.7
11/1/14,75.8,5.8,0.1,5.7,-0.2,0.09,0,0.09,0,166.652,215.8,215.9
12/1/14,73.4,5.6,-0.2,5.8,0.1,0.12,0.03,0.09,0,166.454,215.5,215.8
1/1/15,73,5.7,0.1,5.6,-0.2,0.11,-0.01,0.12,0.03,166.242,215.8,215.5
2/1/15,61.9,5.5,-0.2,5.7,0.1,0.11,0,0.11,-0.01,166.623,215.3,215.8
3/1/15,79.7,5.4,-0.1,5.5,-0.2,0.11,0,0.11,0,168.081,215,215.3
4/1/15,108.5,5.4,0,5.4,-0.1,0.12,0.01,0.11,0,169.965,214.5,215
5/1/15,99.6,5.6,0.2,5.4,0,0.12,0,0.12,0.01,171.846,213.7,214.5
6/1/15,112.3,5.3,-0.3,5.6,0.2,0.13,0.01,0.12,0,173.446,213.7,213.7
7/1/15,107.2,5.2,-0.1,5.3,-0.3,0.13,0,0.13,0.01,174.491,213.7,213.7
8/1/15,99.2,5.1,-0.1,5.2,-0.1,0.14,0.01,0.13,0,174.93,213.3,213.7
9/1/15,111.6,5,-0.1,5.1,-0.1,0.14,0,0.14,0.01,175.034,212.5,213.3
10/1/15,90.9,5,0,5,-0.1,0.12,-0.02,0.14,0,175.038,212.4,212.5
11/1/15,89.9,5.1,0.1,5,0,0.12,0,0.12,-0.02,175.128,211.7,212.4
12/1/15,78.1,5,-0.1,5.1,0.1,0.24,0.12,0.12,0,175.1,210.9,211.7
1/1/16,74.3,4.8,-0.2,5,-0.1,0.34,0.1,0.24,0.12,175.021,211.4,210.9
2/1/16,84.1,4.9,0.1,4.8,-0.2,0.38,0.04,0.34,0.1,175.267,211.3,211.4
3/1/16,90.7,5,0.1,4.9,0.1,0.36,-0.02,0.38,0.04,176.591,211.6,211.3
4/1/16,106.2,5.1,0.1,5,0.1,0.37,0.01,0.36,-0.02,178.488,212.7,211.6
5/1/16,105,4.8,-0.3,5.1,0.1,0.37,0,0.37,0.01,180.337,213.7,212.7
6/1/16,111.6,4.9,0.1,4.8,-0.3,0.38,0.01,0.37,0,181.907,214.6,213.7
7/1/16,115.2,4.8,-0.1,4.9,0.1,0.39,0.01,0.38,0.01,183.008,215.3,214.6
8/1/16,102.8,4.9,0.1,4.8,-0.1,0.4,0.01,0.39,0.01,183.645,216,215.3
9/1/16,95,5,0.1,4.9,0.1,0.4,0,0.4,0.01,183.933,215.3,216
10/1/16,114.5,4.9,-0.1,5,0.1,0.4,0,0.4,0,184.006,214.8,215.3
11/1/16,87.8,4.7,-0.2,4.9,-0.1,0.41,0.01,0.4,0,184.217,214.5,214.8
12/1/16,86.5,4.7,0,4.7,-0.2,0.54,0.13,0.41,0.01,184.389,215.5,214.5
1/1/17,82.3,4.7,0,4.7,0,0.65,0.11,0.54,0.13,184.642,217.3,215.5
2/1/17,87.8,4.6,-0.1,4.7,0,0.66,0.01,0.65,0.11,185.01,218.8,217.3
3/1/17,97.1,4.4,-0.2,4.6,-0.1,0.79,0.13,0.66,0.01,186.518,219.7,218.8
4/1/17,105.2,4.4,0,4.4,-0.2,0.9,0.11,0.79,0.13,188.531,221,219.7
5/1/17,106,4.4,0,4.4,0,0.91,0.01,0.9,0.11,190.526,221.7,221
6/1/17,116.3,4.3,-0.1,4.4,0,1.04,0.13,0.91,0.01,192.252,221.9,221.7
7/1/17,112.3,4.3,0,4.3,-0.1,1.15,0.11,1.04,0.13,193.496,221.9,221.9
8/1/17,102.6,4.4,0.1,4.3,0,1.16,0.01,1.15,0.11,194.33,222.4,221.9
9/1/17,104.4,4.3,-0.1,4.4,0.1,1.15,-0.01,1.16,0.01,194.801,223.1,222.4
10/1/17,109.6,4.2,-0.1,4.3,-0.1,1.15,0,1.15,-0.01,195.068,223.9,223.1
11/1/17,97.9,4.2,0,4.2,-0.1,1.16,0.01,1.15,0,195.435,223.9,223.9
12/1/17,81.4,4.1,-0.1,4.2,0,1.3,0.14,1.16,0.01,195.832,224.1,223.9
1/1/18,91.6,4,-0.1,4.1,-0.1,1.41,0.11,1.3,0.14,196.101,225.8,224.1
2/1/18,89.7,4.1,0.1,4,-0.1,1.42,0.01,1.41,0.11,196.891,228.7,225.8
3/1/18,107.2,4,-0.1,4.1,0.1,1.51,0.09,1.42,0.01,198.558,231.3,228.7
4/1/18,117.5,4,0,4,-0.1,1.69,0.18,1.51,0.09,200.597,232.4,231.3
5/1/18,123.7,3.8,-0.2,4,0,1.7,0.01,1.69,0.18,202.434,236.8,232.4
6/1/18,112,4,0.2,3.8,-0.2,1.82,0.12,1.7,0.01,204.026,239.2,236.8
7/1/18,111.9,3.8,-0.2,4,0.2,1.91,0.09,1.82,0.12,204.935,239.6,239.2
8/1/18,113.8,3.8,0,3.8,-0.2,1.91,0,1.91,0.09,205.313,239.4,239.6
9/1/18,109.7,3.7,-0.1,3.8,0,1.95,0.04,1.91,0,205.359,240,239.4
10/1/18,105.7,3.8,0.1,3.7,-0.1,2.19,0.24,1.95,0.04,205.354,238.7,240
11/1/18,91.2,3.8,0,3.8,0.1,2.2,0.01,2.19,0.24,205.092,238.8,238.7
12/1/18,76,3.9,0.1,3.8,0,2.27,0.07,2.2,0.01,204.681,238.3,238.8
1/1/19,87,4,0.1,3.9,0.1,2.4,0.13,2.27,0.07,204.182,238.5,238.3
2/1/19,80,3.8,-0.2,4,0.1,2.4,0,2.4,0.13,204.406,238.1,238.5
3/1/19,98.2,3.8,0,3.8,-0.2,2.41,0.01,2.4,0,205.755,238.1,238.1
4/1/19,116.6,3.7,-0.1,3.8,0,2.42,0.01,2.41,0.01,207.672,237.2,238.1
5/1/19,118.1,3.6,-0.1,3.7,-0.1,2.39,-0.03,2.42,0.01,209.337,237.3,237.2
6/1/19,115.1,3.6,0,3.6,-0.1,2.38,-0.01,2.39,-0.03,210.571,236.3,237.3
7/1/19,114.2,3.7,0.1,3.6,0,2.4,0.02,2.38,-0.01,211.321,235.6,236.3
8/1/19,121,3.6,-0.1,3.7,0.1,2.13,-0.27,2.4,0.02,211.68,234.4,235.6
9/1/19,113.2,3.5,-0.1,3.6,-0.1,2.04,-0.09,2.13,-0.27,211.858,234.4,234.4
10/1/19,114.8,3.6,0.1,3.5,-0.1,1.83,-0.21,2.04,-0.09,211.952,233.8,234.4
11/1/19,103.4,3.6,0,3.6,0.1,1.55,-0.28,1.83,-0.21,212.091,232.8,233.8
12/1/19,108.3,3.6,0,3.6,0,1.55,0,1.55,-0.28,212.223,232.2,232.8
1/1/20,113.1,3.6,0,3.6,0,1.55,0,1.55,0,212.385,233.4,232.2
2/1/20,111.6,3.5,-0.1,3.6,0,1.58,0.03,1.55,0,213.205,234.6,233.4
3/1/20,104.5,4.4,0.9,3.5,-0.1,0.65,-0.93,1.58,0.03,215.179,236.3,234.6
4/1/20,84.9,14.8,10.4,4.4,0.9,0.05,-0.6,0.65,-0.93,217.221,234.3,236.3
5/1/20,95.1,13.2,-1.6,14.8,10.4,0.05,0,0.05,-0.6,218.467,233.3,234.3
6/1/20,118.8,11,-2.2,13.2,-1.6,0.08,0.03,0.05,0,219.794,234.8,233.3
7/1/20,138.7,10.2,-0.8,11,-2.2,0.09,0.01,0.08,0.03,221.554,237,234.8
8/1/20,122.5,8.4,-1.8,10.2,-0.8,0.1,0.01,0.09,0.01,224.036,240.9,237
9/1/20,126.3,7.8,-0.6,8.4,-1.8,0.09,-0.01,0.1,0.01,226.787,246.9,240.9
10/1/20,131.2,6.9,-0.9,7.8,-0.6,0.09,0,0.09,-0.01,229.797,246.4,246.9
11/1/20,117.8,6.7,-0.2,6.9,-0.9,0.09,0,0.09,0,232.299,244.3,246.4
12/1/20,115.1,6.7,0,6.7,-0.2,0.09,0,0.09,0,234.348,248,244.3
1/1/21,115.2,6.4,-0.3,6.7,0,0.09,0,0.09,0,236.42,256.4,248
2/1/21,102.1,6.2,-0.2,6.4,-0.3,0.08,-0.01,0.09,0,239.2,264.6,256.4
3/1/21,140.6,6.1,-0.1,6.2,-0.2,0.07,-0.01,0.08,-0.01,244.195,276.7,264.6
4/1/21,135.5,6.1,0,6.1,-0.1,0.07,0,0.07,-0.01,249.801,291.8,276.7
5/1/21,145.7,5.8,-0.3,6.1,0,0.06,-0.01,0.07,0,255.424,305.9,291.8
6/1/21,154.3,5.9,0.1,5.8,-0.3,0.08,0.02,0.06,-0.01,261.147,315.7,305.9
7/1/21,143.9,5.4,-0.5,5.9,0.1,0.1,0.02,0.08,0.02,265.482,313.542,315.7
8/1/21,140,5.1,-0.3,5.4,-0.5,0.09,-0.01,0.1,0.02,268.756,313.083,313.542
9/1/21,135.2,4.7,-0.4,5.1,-0.3,0.08,-0.01,0.09,-0.01,271.407,317.136,313.083
10/1/21,133.6,4.5,-0.2,4.7,-0.4,0.08,0,0.08,-0.01,273.614,322.12,317.136
11/1/21,130.8,4.2,-0.3,4.5,-0.2,0.08,0,0.08,0,275.981,328.94,322.12
12/1/21,124.2,3.9,-0.3,4.2,-0.3,0.08,0,0.08,0,278.555,335.032,328.94
1/1/22,121,4,0.1,3.9,-0.3,0.08,0,0.08,0,281.932,345.742,335.032
2/1/22,126.1,3.8,-0.2,4,0.1,0.08,0,0.08,0,287.152,343.583,345.742
3/1/22,142.6,3.7,-0.1,3.8,-0.2,0.2,0.12,0.08,0,294.95,345.852,343.583
4/1/22,164.3,3.7,0,3.7,-0.1,0.33,0.13,0.2,0.12,301.573,343.786,345.852
5/1/22,140.6,3.6,-0.1,3.7,0,0.77,0.44,0.33,0.13,306.338,353.015,343.786
6/1/22,144.9,3.6,0,3.6,-0.1,1.21,0.44,0.77,0.44,308.136,349.8,353.015
7/1/22,123.7,3.5,-0.1,3.6,0,1.68,0.47,1.21,0.44,306.978,346.79,349.8
8/1/22,134.5,3.6,0.1,3.5,-0.1,2.33,0.65,1.68,0.47,303.561,342.753,346.79
9/1/22,127.5,3.5,-0.1,3.6,0.1,2.56,0.23,2.33,0.65,300.396,336.464,342.753
10/1/22,121.6,3.6,0.1,3.5,-0.1,3.08,0.52,2.56,0.23,298.61,333.796,336.464
11/1/22,111.1,3.6,0,3.6,0.1,3.78,0.7,3.08,0.52,296.794,330.369,333.796
12/1/22,94.7,3.5,-0.1,3.6,0,4.1,0.32,3.78,0.7,294.286,326.449,330.369
1/1/23,97.7,3.5,0,3.5,-0.1,4.33,0.23,4.1,0.32,292.777,327.338,326.449
2/1/23,103.2,3.6,0.1,3.5,0,4.57,0.24,4.33,0.23,293.552,330.532,327.338
3/1/23,114,3.5,-0.1,3.6,0.1,4.65,0.08,4.57,0.24,297.487,331.729,330.532
4/1/23,121.7,3.4,-0.1,3.5,-0.1,4.83,0.18,4.65,0.08,301.611,333.366,331.729
5/1/23,146,3.6,0.2,3.4,-0.1,5.06,0.23,4.83,0.18,305.485,337.473,333.366
6/1/23,132.6,3.6,0,3.6,0.2,5.08,0.02,5.06,0.23,308.443,337.336,337.473
7/1/23,131.4,3.5,-0.1,3.6,0,5.12,0.04,5.08,0.02,310.364,334.512,337.336
8/1/23,115.8,3.7,0.2,3.5,-0.1,5.33,0.21,5.12,0.04,311.732,333.794,334.512
9/1/23,117,3.8,0.1,3.7,0.2,5.33,0,5.33,0.21,312.584,332.098,333.794
10/1/23,115.1,3.9,0.1,3.8,0.1,5.33,0,5.33,0,312.944,328.743,332.098
11/1/23,116.5,3.7,-0.2,3.9,0.1,5.33,0,5.33,0,312.184,326.844,328.743
12/1/23,108.9,3.8,0.1,3.7,-0.2,5.33,0,5.33,0,310.997,327.644,326.844
1/1/24,97.9,3.7,-0.1,3.8,0.1,5.33,0,5.33,0,310.86,334.374,327.644
2/1/24,113.7,3.9,0.2,3.7,-0.1,5.33,0,5.33,0,312.781,337.766,334.374
3/1/24,109.8,3.9,0,3.9,0.2,5.33,0,5.33,0,316.965,330.963,337.766
4/1/24,125.7,3.9,0,3.9,0,5.33,0,5.33,0,320.886,330.135,330.963
5/1/24,120.9,4,0.1,3.9,0,5.33,0,5.33,0,323.814,329.435,330.135
6/1/24,123.6,4.1,0.1,4,0.1,5.33,0,5.33,0,325.362,328.304,329.435
7/1/24,115.3,4.2,0.1,4.1,0.1,5.33,0,5.33,0,325.677,325.556,328.304
8/1/24,121.8,4.2,0,4.2,0.1,5.33,0,5.33,0,325.127,324.65,325.556
9/1/24,116.1,4.1,-0.1,4.2,0,5.13,-0.2,5.33,0,324.755,324.1,324.65
10/1/24,115.1,4.1,0,4.1,-0.1,4.83,-0.3,5.13,-0.2,324.083,325.428,324.1
11/1/24,99.2,4.2,0.1,4.1,0,4.64,-0.19,4.83,-0.3,323.784,326.929,325.428
12/1/24,108,4.1,-0.1,4.2,0.1,4.48,-0.16,4.64,-0.19,323.328,324.631,326.929
1/1/25,95,4,-0.1,4.1,-0.1,4.33,-0.15,4.48,-0.16,323.538,325.986,324.631
2/1/25,110.7,4.1,0.1,4,-0.1,4.33,0,4.33,-0.15,,328.868,325.986
3/1/25,110.7,4.2,0.1,4.1,0.1,4.33,0,4.33,0,,334.839,328.868
,NA,,,,,,,,,,,
,NA,,,,,,,,,,,
,NA,,,,,,,,,,,
,NA,,,,,,,,,,,
,NA,,,,,,,,,,,
,NA,,,,,,,,,,,
,NA,,,,,,,,,,,
,NA,,,,,,,,,,,
,NA,,,,,,,,,,,